Department_ID,Department_Name,Service_Line,Encounters,Patients,Admissions,Avg_Wait_Minutes,Avg_LOS_Days,Readmissions_30d,Billed_Amount,Paid_Amount,Readmission_Rate,Collection_Rate
DEP01,Emergency,Emergency Care,6923,5803,549,74.9,0.96,17,7949059.66,5811926.91,0.030965391621129327,0.731146469971267
DEP02,General Medicine,Medical,5122,4506,2188,41.8,3.62,93,18701559.45,13702424.45,0.04250457038391225,0.7326888694300838
DEP03,Cardiology,Specialty Care,2465,2317,1303,45.8,3.45,47,13352931.24,9657778.39,0.03607060629316961,0.7232702854837737
DEP04,Orthopedics,Surgical/Specialty,2308,2168,882,39.9,3.01,41,6649856.24,4907716.19,0.046485260770975055,0.7380183891012958
DEP05,Oncology,Specialty Care,1712,1631,487,36.9,4.26,24,6146341.68,4473372.34,0.049281314168377825,0.7278105534803265
DEP06,Pediatrics,Medical,1551,1493,88,35.5,4.44,1,1565695.2,1180863.69,0.011363636363636364,0.7542104555216111
DEP07,Obstetrics,Women & Maternal Care,1220,1183,858,54.2,4.16,29,7851410.53,5824231.02,0.0337995337995338,0.7418069654803796
DEP08,Neurology,Specialty Care,1235,1200,448,39.7,3.53,20,3938750.62,2882580.02,0.044642857142857144,0.7318513655987695
DEP09,Surgery,Surgical,1533,1477,1021,51.5,3.55,35,11380624.83,8393043.58,0.034280117531831536,0.7374853055409963
DEP10,Other,Mixed Services,1301,1272,344,40.7,3.01,9,2796491.6,2040452.82,0.02616279069767442,0.729647398189932
