Encounters,Unique_Patients,Admissions,Avg_Wait_Minutes,Avg_LOS_Days,Readmissions_30d,Billed_Amount,Paid_Amount,Readmission_Rate,Collection_Rate,Month
488,481,178,52.6352,3.5481,4,1547924.87,1136048.85,0.0225,0.7339,2024-01
488,470,161,52.4201,3.1276,5,1528586.45,1126929.31,0.0311,0.7372,2024-02
542,527,165,52.452,3.7973,2,1771188.9,1311792.92,0.0121,0.7406,2024-03
475,468,151,48.2232,3.0878,5,1394651.04,1032386.78,0.0331,0.7402,2024-04
523,507,167,51.9273,3.2218,2,1618904.85,1179864.89,0.012,0.7288,2024-05
511,499,153,51.7123,3.0365,1,1373993.87,1006302.2999999999,0.0065,0.7324,2024-06
552,543,184,50.8152,3.2635,1,1816426.17,1359263.71,0.0054,0.7483,2024-07
588,572,200,52.2857,3.4313,3,1869951.65,1352583.44,0.015,0.7233,2024-08
592,574,207,49.9122,3.2641,1,1882312.9,1374434.51,0.0048,0.7302,2024-09
576,559,190,51.1024,3.5634,3,2078573.29,1487556.18,0.0158,0.7157,2024-10
625,611,196,53.2464,3.3133,5,1905684.34,1378121.55,0.0255,0.7232,2024-11
721,709,210,49.9265,3.7875,1,2272500.96,1662319.8,0.0048,0.7315,2024-12
778,761,249,52.3535,3.1063,6,2330966.1,1719687.31,0.0241,0.7378,2025-01
683,665,204,49.0366,3.6486,4,2120804.76,1530500.72,0.0196,0.7217,2025-02
724,699,226,53.5925,3.6312,4,2340654.83,1741581.46,0.0177,0.7441,2025-03
676,666,203,50.145,3.3069,2,1970872.97,1452034.59,0.0099,0.7367,2025-04
683,663,237,52.3953,3.5773,5,2328676.57,1688780.31,0.0211,0.7252,2025-05
679,664,202,51.6171,3.3034,4,1958747.13,1412775.24,0.0198,0.7213,2025-06
717,702,248,50.0809,3.4596,3,2437413.22,1808683.78,0.0121,0.7421,2025-07
773,756,234,50.282,3.4677,7,2413225.85,1748359.43,0.0299,0.7245,2025-08
725,708,237,50.1531,3.446,7,2527494.56,1849588.74,0.0295,0.7318,2025-09
781,761,271,49.6082,3.3071,3,2562970.82,1903285.82,0.0111,0.7426,2025-10
745,733,236,49.6403,3.2387,6,2331066.53,1735888.19,0.0254,0.7447,2025-11
820,804,259,52.0,3.5857,6,2612673.68,1888382.21,0.0232,0.7228,2025-12
891,866,271,49.5499,3.2504,6,2675666.7,1940289.73,0.0221,0.7252,2026-01
708,688,228,52.1836,3.2932,11,2215203.51,1618221.82,0.0482,0.7305,2026-02
771,755,236,50.6667,3.4995,2,2342567.86,1713754.02,0.0085,0.7316,2026-03
762,747,241,50.4764,3.6698,5,2469018.7,1785886.56,0.0207,0.7233,2026-04
758,739,239,53.7573,3.0863,3,2328218.14,1718654.95,0.0126,0.7382,2026-05
718,696,244,52.9499,3.2277,5,2314940.15,1709306.66,0.0205,0.7384,2026-06
829,796,270,51.9614,3.6294,10,2535197.43,1840626.11,0.037,0.726,2026-07
814,794,251,51.6609,3.8243,5,2652879.02,1929242.09,0.0199,0.7272,2026-08
3654,2164,1220,51.8374,3.4109,179,11802763.23,8731255.43,0.1467,0.7398,2026-09
